Date,Open,High,Low,Close,Volume
2019-11-11,1.007,1.011,0.998,0.999,66325700
2019-11-12,1.003,1.003,0.992,0.997,14610400
2019-11-13,0.997,1.002,0.993,1,12071900
2019-11-14,1,1.002,0.996,0.999,13419400
2019-11-15,1,1,0.991,0.993,20399830
2019-11-18,0.993,0.997,0.988,0.995,12739000
2019-11-19,0.995,1.007,0.992,1.005,36139000
2019-11-20,1,1.007,0.999,1,31018100
2019-11-21,0.999,0.999,0.99,0.994,11459000
2019-11-22,0.994,1,0.97,0.976,19976700
2019-11-25,0.972,0.979,0.965,0.976,11721550
2019-11-26,0.976,0.986,0.976,0.982,10924500
2019-11-27,0.981,0.982,0.973,0.976,16231300
2019-11-28,0.975,0.983,0.971,0.976,22067300
2019-11-29,0.972,0.973,0.95,0.957,17915600
2019-12-02,0.955,0.965,0.951,0.962,11890500
2019-12-03,0.96,0.967,0.958,0.965,10661400
2019-12-04,0.968,0.972,0.962,0.971,9241970
2019-12-05,0.973,0.976,0.97,0.975,11508500
2019-12-06,0.974,0.986,0.971,0.985,13300400
2019-12-09,0.986,0.991,0.982,0.983,12096200
2019-12-10,0.981,0.986,0.981,0.985,20540830
2019-12-11,0.985,0.986,0.977,0.978,16383000
2019-12-12,0.978,0.981,0.97,0.973,23320900
2019-12-13,0.976,0.991,0.976,0.989,26019400
2019-12-16,0.989,0.991,0.982,0.988,14196400
2019-12-17,0.988,1.001,0.986,0.999,26524000
2019-12-18,0.999,1.007,0.995,0.997,28925000
2019-12-19,0.997,0.999,0.99,0.993,22376700
2019-12-20,0.993,0.998,0.99,0.992,25873900
2019-12-23,0.99,1,0.987,0.99,29802500
2019-12-24,0.989,0.994,0.988,0.994,13345400
2019-12-25,0.993,0.994,0.986,0.989,21843500
2019-12-26,0.988,0.993,0.984,0.993,18355780
2019-12-27,0.99,1.006,0.99,0.999,39169140
2019-12-30,0.992,1.015,0.992,1.012,43862550
2019-12-31,1.01,1.016,1.007,1.013,32151600
2020-01-02,1.013,1.025,1.008,1.021,55316210
2020-01-03,1.021,1.023,1.005,1.007,28378980
2020-01-06,1.001,1.009,0.991,0.999,46794600
2020-01-07,0.999,1.015,0.998,1.014,37897400
2020-01-08,1.013,1.022,1.006,1.014,30464000
2020-01-09,1.016,1.032,1.016,1.03,53804500
2020-01-10,1.03,1.04,1.03,1.038,38690500
2020-01-13,1.038,1.049,1.034,1.049,42809190
2020-01-14,1.046,1.052,1.038,1.04,22073780
2020-01-15,1.038,1.048,1.034,1.038,27806700
2020-01-16,1.04,1.043,1.032,1.037,14945000
2020-01-17,1.037,1.042,1.033,1.036,23740600
2020-01-20,1.037,1.037,1.027,1.033,27318000
2020-01-21,1.03,1.03,1.009,1.01,32421600
2020-01-22,1.005,1.01,0.987,1.008,15323000
2020-01-23,1,1,0.961,0.97,41584500
2020-02-03,0.9,0.907,0.873,0.873,43785820
2020-02-04,0.873,0.92,0.873,0.918,25587300
2020-02-05,0.916,0.94,0.916,0.933,23036300
2020-02-06,0.934,0.951,0.93,0.951,24229400
2020-02-07,0.945,0.954,0.936,0.952,18577800
2020-02-10,0.95,0.954,0.939,0.951,14325900
2020-02-11,0.956,0.975,0.951,0.969,24333700
2020-02-12,0.969,0.975,0.965,0.974,22035200
2020-02-13,0.972,0.981,0.96,0.965,30845200
2020-02-14,0.963,0.969,0.95,0.965,15265000
2020-02-17,0.966,0.979,0.96,0.979,20006300
2020-02-18,0.979,0.979,0.966,0.971,25239800
2020-02-19,0.97,0.981,0.965,0.977,32599400
2020-02-20,0.976,1.005,0.976,1.004,47221860
2020-02-21,1.002,1.005,0.991,0.997,52873100
2020-02-24,0.997,0.997,0.978,0.985,51554300
2020-02-25,0.976,0.976,0.958,0.973,47754700
2020-02-26,0.963,0.98,0.957,0.964,41102630
2020-02-27,0.968,0.981,0.965,0.974,37032500
2020-02-28,0.965,0.965,0.936,0.945,40371200
2020-03-02,0.951,0.974,0.947,0.971,65668900
2020-03-03,0.984,0.984,0.97,0.977,46389800
2020-03-04,0.974,0.983,0.971,0.981,48472000
2020-03-05,0.986,1.023,0.984,1.018,83900290
2020-03-06,1.014,1.02,1.001,1.004,52911600
2020-03-09,1,1.003,0.963,0.964,65802100
2020-03-10,0.96,0.997,0.959,0.993,39594300
2020-03-11,0.995,0.998,0.984,0.984,33944730
2020-03-12,0.977,0.977,0.957,0.961,46864900
2020-03-13,0.922,0.957,0.912,0.946,49187970
2020-03-16,0.946,0.948,0.9,0.905,50101500
2020-03-17,0.905,0.917,0.87,0.892,49039170
2020-03-18,0.896,0.915,0.877,0.879,44896800
2020-03-19,0.879,0.887,0.835,0.858,87022500
2020-03-20,0.868,0.887,0.861,0.884,50408200
2020-03-23,0.85,0.884,0.846,0.855,64935600
2020-03-24,0.865,0.886,0.861,0.882,46756000
2020-03-25,0.915,0.915,0.897,0.908,59841000
2020-03-26,0.905,0.913,0.896,0.9,33691900
2020-03-27,0.912,0.923,0.912,0.913,43862700
2020-03-30,0.896,0.909,0.889,0.899,39867000
2020-03-31,0.904,0.92,0.904,0.918,39763100
2020-04-01,0.915,0.924,0.907,0.91,41638500
2020-04-02,0.908,0.925,0.901,0.925,44980300
2020-04-03,0.923,0.934,0.918,0.925,48957240
2020-04-07,0.935,0.953,0.935,0.95,36493200
2020-04-08,0.949,0.949,0.938,0.941,20374100
2020-04-09,0.944,0.947,0.939,0.944,22983400
2020-04-10,0.941,0.972,0.941,0.951,56817300
2020-04-13,0.949,0.964,0.948,0.959,37670400
2020-04-14,0.964,0.973,0.954,0.973,31072700
2020-04-15,0.973,0.973,0.955,0.961,33900100
2020-04-16,0.957,0.961,0.952,0.958,25439780
2020-04-17,0.959,0.975,0.959,0.97,38449600
2020-04-20,0.972,0.975,0.967,0.974,24336000
2020-04-21,0.973,0.973,0.951,0.961,33075200
2020-04-22,0.96,0.984,0.955,0.982,43652000
2020-04-23,0.982,0.999,0.982,0.988,30934400
2020-04-24,0.988,0.993,0.983,0.987,26062000
2020-04-27,0.987,0.995,0.98,0.991,34227400
2020-04-28,0.994,1.011,0.983,1.006,48134400
2020-04-29,1.005,1.009,0.992,0.996,53363120
2020-04-30,0.997,1.012,0.996,1.004,44984920
2020-05-06,0.999,1.011,0.99,1.011,40474600
2020-05-07,1.01,1.021,1.006,1.017,37689900
2020-05-08,1.022,1.041,1.017,1.034,48033400
2020-05-11,1.035,1.056,1.032,1.038,50947600
2020-05-12,1.037,1.052,1.036,1.05,49348500
2020-05-13,1.045,1.056,1.041,1.055,43395460
2020-05-14,1.054,1.054,1.046,1.047,38197380
2020-05-15,1.05,1.053,1.034,1.037,44916600
2020-05-18,1.033,1.061,1.033,1.056,56020780
2020-05-19,1.065,1.069,1.059,1.062,39071730
2020-05-20,1.062,1.065,1.053,1.056,25357110
2020-05-21,1.058,1.065,1.052,1.056,29638200
2020-05-22,1.056,1.056,1.023,1.026,49130600
2020-05-25,1.025,1.043,1.017,1.043,35654330
2020-05-26,1.04,1.057,1.04,1.057,29431600
2020-05-27,1.057,1.059,1.049,1.052,50617090
2020-05-28,1.054,1.061,1.038,1.052,42855790
2020-05-29,1.046,1.068,1.046,1.067,38116400
2020-06-01,1.074,1.1,1.074,1.098,42368800
2020-06-02,1.1,1.103,1.088,1.091,33431100
2020-06-03,1.095,1.099,1.085,1.085,30747290
2020-06-04,1.089,1.098,1.089,1.096,31654200
2020-06-05,1.097,1.107,1.093,1.105,43106210
2020-06-08,1.107,1.132,1.107,1.119,38131700
2020-06-09,1.119,1.133,1.116,1.129,43139600
2020-06-10,1.132,1.132,1.121,1.126,37373000
2020-06-11,1.126,1.126,1.101,1.111,47889000
2020-06-12,1.089,1.12,1.088,1.118,43752000
2020-06-15,1.115,1.119,1.098,1.101,34274100
2020-06-16,1.105,1.114,1.105,1.111,21682600
2020-06-17,1.115,1.117,1.104,1.11,22119900
2020-06-18,1.11,1.119,1.108,1.117,34410300
2020-06-19,1.118,1.148,1.118,1.143,37664570
2020-06-22,1.144,1.145,1.129,1.138,64085730
2020-06-23,1.137,1.15,1.13,1.147,31979300
2020-06-24,1.149,1.16,1.149,1.156,25288920
2020-06-29,1.155,1.162,1.146,1.162,30358960
2020-06-30,1.166,1.18,1.166,1.177,22333200
2020-07-01,1.18,1.216,1.177,1.216,46298110
2020-07-02,1.214,1.236,1.21,1.236,42667300
2020-07-03,1.25,1.255,1.22,1.242,44769700
2020-07-06,1.25,1.295,1.243,1.294,35348100
2020-07-07,1.297,1.332,1.297,1.31,47670400
2020-07-08,1.295,1.319,1.295,1.315,41522900
2020-07-09,1.315,1.33,1.31,1.329,43028500
2020-07-10,1.33,1.348,1.319,1.335,49593800
2020-07-13,1.335,1.371,1.331,1.366,41833100
2020-07-14,1.366,1.387,1.334,1.36,50117700
2020-07-15,1.356,1.386,1.354,1.373,51256800
2020-07-16,1.35,1.37,1.273,1.279,72140410
2020-07-17,1.261,1.325,1.261,1.317,54369300
2020-07-20,1.317,1.339,1.287,1.336,42902300
2020-07-21,1.34,1.347,1.318,1.34,21874800
2020-07-22,1.339,1.379,1.33,1.361,31465800
2020-07-23,1.351,1.38,1.339,1.379,38409500
2020-07-24,1.37,1.371,1.301,1.313,48418900
2020-07-27,1.313,1.329,1.301,1.318,37142600
2020-07-28,1.319,1.358,1.319,1.353,36992800
2020-07-29,1.352,1.382,1.345,1.381,43324800
2020-07-30,1.377,1.394,1.37,1.378,38667100
2020-07-31,1.379,1.405,1.363,1.395,40524700
2020-08-03,1.402,1.412,1.393,1.405,47964190
2020-08-04,1.407,1.408,1.385,1.39,36419000
2020-08-05,1.388,1.398,1.376,1.397,35472300
2020-08-06,1.397,1.397,1.364,1.375,41940400
2020-08-07,1.374,1.382,1.343,1.366,28015700
2020-08-10,1.362,1.381,1.349,1.374,28286200
2020-08-11,1.377,1.405,1.375,1.378,26405970
2020-08-12,1.371,1.376,1.336,1.356,33547700
2020-08-13,1.356,1.367,1.349,1.355,14546200
2020-08-14,1.351,1.381,1.351,1.381,20423900
2020-08-17,1.388,1.404,1.384,1.398,22203230
2020-08-18,1.4,1.415,1.394,1.408,38915500
2020-08-19,1.408,1.413,1.395,1.397,29745300
2020-08-20,1.39,1.394,1.37,1.376,19505500
2020-08-21,1.385,1.402,1.382,1.394,19147800
2020-08-24,1.396,1.417,1.394,1.41,27365900
2020-08-25,1.417,1.438,1.415,1.432,25455700
2020-08-26,1.434,1.444,1.413,1.423,32130320
2020-08-27,1.422,1.432,1.415,1.431,24417500
2020-08-28,1.435,1.484,1.429,1.483,53236700
2020-08-31,1.493,1.523,1.476,1.479,41203700
2020-09-01,1.475,1.484,1.459,1.481,29279600
2020-09-02,1.486,1.499,1.47,1.485,30122600
2020-09-03,1.487,1.511,1.47,1.481,38063200
2020-09-04,1.445,1.46,1.43,1.45,33847400
2020-09-07,1.445,1.455,1.402,1.413,46729100
2020-09-08,1.413,1.42,1.383,1.402,26789700
2020-09-09,1.387,1.387,1.355,1.364,28895200
2020-09-10,1.377,1.395,1.373,1.383,26084700
2020-09-11,1.376,1.395,1.37,1.395,29763300
2020-09-14,1.4,1.412,1.396,1.406,18644300
2020-09-15,1.408,1.427,1.404,1.427,26332680
2020-09-16,1.425,1.428,1.396,1.403,24462900
2020-09-17,1.396,1.397,1.371,1.381,16063400
2020-09-18,1.381,1.404,1.377,1.403,14230100
2020-09-21,1.403,1.407,1.387,1.388,12296500
2020-09-22,1.383,1.394,1.374,1.378,11785100
2020-09-23,1.372,1.389,1.36,1.388,10389200
2020-09-24,1.381,1.387,1.36,1.362,12513600
2020-09-25,1.362,1.376,1.362,1.368,10176100
2020-09-28,1.368,1.384,1.368,1.372,21111700
2020-09-29,1.378,1.391,1.373,1.384,16950680
2020-09-30,1.388,1.404,1.38,1.385,17390100
2020-10-09,1.403,1.408,1.39,1.401,20595200
2020-10-12,1.41,1.45,1.406,1.449,27298800
2020-10-13,1.45,1.467,1.444,1.463,22527500
2020-10-14,1.462,1.472,1.452,1.457,16594380
2020-10-15,1.452,1.46,1.448,1.451,12250000
2020-10-16,1.452,1.46,1.436,1.441,10692600
2020-10-19,1.448,1.455,1.422,1.426,14248900
2020-10-20,1.422,1.455,1.422,1.455,16270980
2020-10-21,1.455,1.466,1.447,1.456,14596700
2020-10-22,1.457,1.465,1.435,1.461,11490200
2020-10-23,1.461,1.461,1.426,1.433,14564400
2020-10-26,1.411,1.421,1.39,1.416,16189700
2020-10-27,1.411,1.42,1.407,1.415,10591900
2020-10-28,1.414,1.453,1.414,1.448,26120700
2020-10-29,1.43,1.494,1.43,1.485,27571500
2020-10-30,1.479,1.479,1.443,1.446,21354900
2020-11-02,1.451,1.475,1.45,1.468,23013500
2020-11-03,1.473,1.481,1.46,1.48,14566100
2020-11-04,1.479,1.504,1.475,1.503,29341800
2020-11-05,1.514,1.532,1.509,1.518,56147500
2020-11-06,1.518,1.537,1.511,1.531,32965600
2020-11-09,1.532,1.561,1.532,1.551,53141800
2020-11-10,1.555,1.556,1.529,1.546,27912500
2020-11-11,1.544,1.559,1.529,1.533,23766300
2020-11-12,1.531,1.549,1.531,1.544,14781500
2020-11-13,1.531,1.538,1.507,1.53,30346000
2020-11-16,1.533,1.544,1.518,1.539,29302500
2020-11-17,1.543,1.551,1.525,1.537,34294100
2020-11-18,1.536,1.543,1.508,1.524,35290300
2020-11-19,1.523,1.559,1.517,1.554,33722000
2020-11-20,1.557,1.567,1.551,1.552,21178300
2020-11-23,1.552,1.574,1.552,1.568,30620870
2020-11-24,1.563,1.569,1.546,1.558,14729700
2020-11-25,1.554,1.559,1.523,1.523,19891100
2020-11-26,1.523,1.535,1.499,1.521,27027900
2020-11-27,1.523,1.534,1.517,1.534,12129300
2020-11-30,1.534,1.534,1.509,1.511,22032440
2020-12-01,1.51,1.531,1.508,1.529,17411100
2020-12-02,1.533,1.546,1.528,1.542,14772900
2020-12-03,1.541,1.55,1.535,1.548,13330500
2020-12-04,1.545,1.573,1.545,1.571,23458500
2020-12-07,1.576,1.589,1.567,1.58,23834100
2020-12-08,1.579,1.595,1.566,1.579,22459200
2020-12-09,1.578,1.585,1.55,1.552,16488920
2020-12-10,1.552,1.569,1.549,1.556,16717000
2020-12-11,1.567,1.567,1.532,1.542,19585900
2020-12-14,1.547,1.577,1.547,1.577,25815800
2020-12-15,1.58,1.58,1.554,1.579,20677420
2020-12-16,1.576,1.602,1.575,1.596,24578320
2020-12-17,1.597,1.623,1.596,1.62,35004900
2020-12-18,1.61,1.619,1.59,1.595,51501800
2020-12-21,1.595,1.617,1.585,1.616,31378190
2020-12-22,1.616,1.639,1.609,1.618,32867700
2020-12-23,1.619,1.653,1.602,1.624,45840100
2020-12-24,1.613,1.631,1.603,1.619,31684600
2020-12-25,1.606,1.633,1.6,1.626,37212800
2020-12-28,1.63,1.665,1.63,1.662,32845100
2020-12-29,1.662,1.665,1.644,1.652,35158000
2020-12-30,1.655,1.687,1.64,1.686,28934600
2020-12-31,1.687,1.731,1.687,1.73,36046800
2021-01-04,1.737,1.787,1.729,1.772,47982300
2021-01-05,1.757,1.846,1.757,1.845,51186600
2021-01-06,1.853,1.882,1.82,1.86,62876300
2021-01-07,1.85,1.922,1.841,1.914,58598100
2021-01-08,1.902,1.91,1.834,1.86,78510600
2021-01-11,1.857,1.864,1.801,1.814,86750300
2021-01-12,1.804,1.869,1.799,1.868,52592500
2021-01-13,1.871,1.877,1.825,1.847,44082600
2021-01-14,1.844,1.844,1.788,1.793,47103340
2021-01-15,1.781,1.785,1.724,1.762,62329800
2021-01-18,1.75,1.766,1.727,1.758,54046810
2021-01-19,1.759,1.775,1.709,1.72,64220600
2021-01-20,1.711,1.738,1.695,1.731,54469700
2021-01-21,1.73,1.779,1.73,1.773,54611100
2021-01-22,1.773,1.782,1.75,1.778,62745600
2021-01-25,1.781,1.85,1.78,1.849,57220800
2021-01-26,1.845,1.846,1.802,1.807,46258300
2021-01-27,1.793,1.807,1.758,1.789,40592100
2021-01-28,1.767,1.775,1.743,1.749,32482100
2021-01-29,1.761,1.79,1.752,1.773,35442310
2021-02-01,1.778,1.805,1.777,1.796,30090310
2021-02-02,1.797,1.849,1.79,1.847,63813200
2021-02-03,1.852,1.867,1.839,1.864,35888700
2021-02-04,1.855,1.887,1.844,1.87,33811410
2021-02-05,1.876,1.929,1.876,1.893,46179200
2021-02-08,1.901,1.937,1.885,1.928,36464400
2021-02-09,1.931,1.98,1.916,1.979,38412900
2021-02-10,1.99,2.068,1.985,2.064,73054600
2021-02-18,2.104,2.15,1.966,1.975,67844110
2021-02-19,1.964,2.013,1.92,2,52986010
2021-02-22,1.997,1.998,1.875,1.881,71559600
2021-02-23,1.864,1.9,1.848,1.869,40922900
2021-02-24,1.88,1.889,1.782,1.807,50316750
2021-02-25,1.819,1.828,1.78,1.794,30585050
2021-02-26,1.788,1.788,1.717,1.744,67050000
2021-03-01,1.766,1.792,1.755,1.777,34586800
2021-03-02,1.797,1.803,1.719,1.739,39573600
2021-03-03,1.726,1.779,1.725,1.778,35899900
2021-03-04,1.753,1.753,1.68,1.694,74376550
2021-03-05,1.664,1.722,1.646,1.7,95223800
2021-03-08,1.705,1.712,1.6,1.602,78406930
2021-03-09,1.594,1.617,1.54,1.565,49629930
2021-03-10,1.598,1.619,1.586,1.606,62631790
2021-03-11,1.61,1.668,1.595,1.65,66719000
2021-03-12,1.665,1.671,1.625,1.654,24266700
2021-03-15,1.645,1.647,1.57,1.595,21516800
2021-03-16,1.595,1.619,1.588,1.615,18209500
2021-03-17,1.61,1.656,1.592,1.648,23402200
2021-03-18,1.654,1.696,1.654,1.685,43348000
2021-03-19,1.654,1.671,1.627,1.641,36719800
2021-03-22,1.64,1.66,1.612,1.643,24751400
2021-03-23,1.642,1.647,1.61,1.629,35431400
2021-03-24,1.613,1.647,1.612,1.617,35874900
2021-03-25,1.604,1.62,1.583,1.61,38229200
2021-03-26,1.619,1.66,1.612,1.654,36792400
2021-03-29,1.657,1.692,1.646,1.664,30565300
2021-03-30,1.663,1.699,1.66,1.681,24985000
2021-03-31,1.68,1.68,1.644,1.657,22893200
2021-04-01,1.668,1.698,1.659,1.696,25036700
2021-04-02,1.705,1.756,1.705,1.755,41506600
2021-04-06,1.763,1.763,1.719,1.729,37837700
2021-04-07,1.729,1.729,1.672,1.685,31602100
2021-04-08,1.673,1.708,1.662,1.701,25230400
2021-04-09,1.695,1.695,1.658,1.663,26860500
2021-04-12,1.661,1.674,1.633,1.639,25123000
2021-04-13,1.641,1.673,1.628,1.642,26433600
2021-04-14,1.63,1.662,1.63,1.658,31789100
2021-04-15,1.652,1.655,1.615,1.638,25556300
2021-04-16,1.64,1.654,1.627,1.647,21594600
2021-04-19,1.645,1.684,1.622,1.68,32410400
2021-04-20,1.675,1.706,1.668,1.682,36493200
2021-04-21,1.67,1.699,1.662,1.688,31288400
2021-04-22,1.693,1.696,1.665,1.681,33172800
2021-04-23,1.688,1.724,1.681,1.716,37123400
2021-04-26,1.727,1.736,1.68,1.684,39696160
2021-04-27,1.69,1.704,1.673,1.704,22581300
2021-04-28,1.682,1.714,1.673,1.712,49278400
2021-04-29,1.718,1.744,1.708,1.737,38676370
2021-04-30,1.74,1.74,1.704,1.716,39958200
2021-05-06,1.706,1.71,1.658,1.665,40127000
2021-05-07,1.667,1.674,1.627,1.63,30701500
2021-05-10,1.63,1.642,1.6,1.611,38432600
2021-05-11,1.607,1.654,1.604,1.651,27968500
2021-05-12,1.649,1.667,1.644,1.664,20422400
2021-05-13,1.647,1.656,1.63,1.648,26424200
2021-05-14,1.653,1.693,1.641,1.688,47086640
2021-05-17,1.695,1.738,1.694,1.727,35692860
2021-05-18,1.727,1.737,1.709,1.723,22289400
2021-05-19,1.72,1.733,1.708,1.72,18514190
2021-05-20,1.72,1.746,1.72,1.742,24053760
2021-05-21,1.745,1.757,1.71,1.719,24167700
2021-05-24,1.719,1.734,1.701,1.732,22937410
2021-05-25,1.735,1.809,1.735,1.805,52083040
2021-05-26,1.808,1.817,1.786,1.799,32078100
2021-05-27,1.8,1.836,1.786,1.808,29927700
2021-05-28,1.81,1.81,1.78,1.796,33335750
2021-05-31,1.783,1.794,1.755,1.783,47490300
2021-06-01,1.782,1.792,1.761,1.789,28408230
2021-06-02,1.789,1.795,1.763,1.776,28874000
2021-06-03,1.771,1.804,1.769,1.776,35301870
2021-06-04,1.768,1.805,1.763,1.786,26470500
2021-06-07,1.78,1.786,1.756,1.775,31981000
2021-06-08,1.77,1.783,1.717,1.735,36623900
2021-06-09,1.731,1.745,1.72,1.736,23488100
2021-06-10,1.733,1.757,1.732,1.746,26527900
2021-06-11,1.747,1.75,1.715,1.723,21147220
2021-06-15,1.723,1.723,1.678,1.703,23448500
2021-06-16,1.703,1.71,1.683,1.689,19911300
2021-06-17,1.69,1.695,1.674,1.681,24165600
2021-06-18,1.681,1.682,1.642,1.664,37481600
2021-06-21,1.653,1.662,1.627,1.641,36428000
2021-06-22,1.642,1.65,1.633,1.649,30167600
2021-06-23,1.65,1.652,1.631,1.643,23259200
2021-06-24,1.643,1.646,1.62,1.644,32699700
2021-06-25,1.644,1.67,1.635,1.668,36662080
2021-06-28,1.671,1.687,1.671,1.687,30399580
2021-06-29,1.688,1.689,1.653,1.659,30667600
2021-06-30,1.658,1.668,1.652,1.658,22742400
2021-07-01,1.662,1.669,1.639,1.669,28855700
2021-07-02,1.654,1.658,1.611,1.62,49481100
2021-07-05,1.611,1.612,1.585,1.594,31498780
2021-07-06,1.593,1.593,1.564,1.587,35992250
2021-07-07,1.585,1.606,1.581,1.6,22053100
2021-07-08,1.605,1.605,1.566,1.569,33628100
2021-07-09,1.569,1.57,1.538,1.554,31771400
2021-07-12,1.562,1.577,1.537,1.57,35642800
2021-07-13,1.572,1.606,1.572,1.605,37374100
2021-07-14,1.603,1.608,1.583,1.601,27122600
2021-07-15,1.594,1.619,1.594,1.616,34658210
2021-07-16,1.616,1.616,1.585,1.59,31830200
2021-07-19,1.582,1.604,1.567,1.597,29630900
2021-07-20,1.594,1.603,1.585,1.598,17535700
2021-07-21,1.602,1.611,1.579,1.585,31884900
2021-07-22,1.586,1.595,1.568,1.572,33636400
2021-07-23,1.569,1.569,1.531,1.537,38390400
2021-07-26,1.525,1.525,1.451,1.465,55364600
2021-07-27,1.46,1.462,1.396,1.397,50795500
2021-07-28,1.391,1.416,1.366,1.413,45957000
2021-07-29,1.429,1.439,1.407,1.414,36074000
2021-07-30,1.399,1.408,1.365,1.381,32178600
2021-08-02,1.36,1.427,1.34,1.425,46395800
2021-08-03,1.416,1.466,1.405,1.459,45133100
2021-08-04,1.456,1.468,1.438,1.445,35529000
2021-08-05,1.428,1.463,1.417,1.437,30459600
2021-08-06,1.428,1.428,1.406,1.425,26620700
2021-08-09,1.411,1.474,1.411,1.463,45394500
2021-08-10,1.465,1.515,1.442,1.513,67827200
2021-08-11,1.502,1.515,1.49,1.492,50071900
2021-08-12,1.486,1.495,1.456,1.459,39847000
2021-08-13,1.451,1.467,1.447,1.463,29924730
2021-08-16,1.463,1.488,1.457,1.484,33826930
2021-08-17,1.484,1.486,1.428,1.429,40634830
2021-08-18,1.425,1.433,1.409,1.426,39860300
2021-08-19,1.426,1.435,1.401,1.407,32300300
2021-08-20,1.39,1.392,1.342,1.358,54522420
2021-08-23,1.357,1.376,1.35,1.362,46969400
2021-08-24,1.373,1.39,1.361,1.387,50465000
2021-08-25,1.389,1.408,1.387,1.399,39947700
2021-08-26,1.398,1.398,1.356,1.363,37641900
2021-08-27,1.36,1.38,1.35,1.359,48654800
2021-08-30,1.363,1.365,1.327,1.343,41372100
2021-08-31,1.33,1.354,1.313,1.322,37750100
2021-09-01,1.319,1.377,1.297,1.362,52604100
2021-09-02,1.366,1.369,1.334,1.344,40377800
2021-09-03,1.336,1.369,1.317,1.368,49908400
2021-09-06,1.367,1.405,1.355,1.393,62060170
2021-09-07,1.39,1.407,1.385,1.401,36593900
2021-09-08,1.4,1.403,1.381,1.386,32306000
2021-09-09,1.38,1.393,1.367,1.378,31402300
2021-09-10,1.374,1.406,1.374,1.401,62114300
2021-09-13,1.4,1.41,1.375,1.38,33733900
2021-09-14,1.38,1.393,1.359,1.361,37532100
2021-09-15,1.357,1.357,1.318,1.327,55269000
2021-09-16,1.322,1.341,1.308,1.334,36003300
2021-09-17,1.331,1.366,1.32,1.36,39422700
2021-09-22,1.346,1.356,1.322,1.326,45082030
2021-09-23,1.323,1.342,1.323,1.332,25673000
2021-09-24,1.333,1.383,1.332,1.372,63906740
2021-09-27,1.388,1.454,1.38,1.433,85646190
2021-09-28,1.43,1.441,1.4,1.432,40113730
2021-09-29,1.42,1.446,1.405,1.441,45027400
2021-09-30,1.446,1.46,1.438,1.446,41035640
2021-10-08,1.459,1.499,1.443,1.486,58482480
2021-10-11,1.494,1.512,1.472,1.481,43042500
2021-10-12,1.47,1.489,1.457,1.483,40441500
2021-10-13,1.486,1.526,1.474,1.514,55568100
2021-10-14,1.513,1.526,1.49,1.502,36235000
2021-10-15,1.497,1.518,1.487,1.502,37821550
2021-10-18,1.484,1.493,1.438,1.449,51645600
2021-10-19,1.435,1.475,1.435,1.47,33987600
2021-10-20,1.473,1.488,1.456,1.462,23635710
2021-10-21,1.462,1.473,1.451,1.472,24510100
2021-10-22,1.476,1.525,1.476,1.52,51678200
2021-10-25,1.513,1.513,1.486,1.499,65574800
2021-10-26,1.487,1.5,1.476,1.482,43739180
2021-10-27,1.474,1.474,1.442,1.449,45031700
2021-10-28,1.448,1.464,1.437,1.452,36330700
2021-10-29,1.461,1.481,1.453,1.472,37410500
2021-11-01,1.448,1.466,1.43,1.453,43355470
2021-11-02,1.445,1.459,1.427,1.443,38554870
2021-11-03,1.443,1.448,1.432,1.433,31439170
2021-11-04,1.434,1.466,1.434,1.465,38327000
2021-11-05,1.462,1.462,1.462,1.462,30106690
2021-11-08,1.454,1.467,1.451,1.457,23336800
2021-11-09,1.456,1.458,1.432,1.444,36742600
2021-11-10,1.437,1.438,1.405,1.419,42935200
2021-11-11,1.42,1.44,1.41,1.438,32396700
2021-11-12,1.441,1.446,1.426,1.429,22248100
2021-11-15,1.431,1.445,1.429,1.443,28448800
2021-11-16,1.444,1.472,1.444,1.468,52738400
2021-11-17,1.466,1.468,1.453,1.46,49801200
2021-11-18,1.456,1.456,1.439,1.445,26056700
2021-11-19,1.435,1.462,1.435,1.452,24890500
2021-11-22,1.458,1.47,1.449,1.453,28968000
2021-11-23,1.453,1.462,1.445,1.451,20158200
2021-11-24,1.452,1.48,1.452,1.47,41131700
2021-11-25,1.47,1.483,1.46,1.463,66877800
2021-11-26,1.465,1.465,1.449,1.458,25951000
2021-11-29,1.436,1.45,1.436,1.449,26681800
2021-11-30,1.45,1.455,1.43,1.439,25096900
2021-12-01,1.438,1.442,1.426,1.435,21581000
2021-12-02,1.433,1.433,1.433,1.433,21678500
2021-12-03,1.456,1.456,1.456,1.456,35954000
2021-12-06,1.459,1.469,1.454,1.461,37721800
2021-12-07,1.466,1.485,1.462,1.475,42374600
2021-12-08,1.475,1.511,1.47,1.506,60482200
2021-12-09,1.511,1.56,1.511,1.547,89146600
2021-12-10,1.538,1.547,1.526,1.54,39259100
2021-12-13,1.555,1.576,1.541,1.546,58942160
2021-12-14,1.544,1.549,1.532,1.538,30415200
2021-12-15,1.537,1.538,1.514,1.519,35819200
2021-12-16,1.519,1.52,1.498,1.514,35359800
2021-12-17,1.512,1.512,1.478,1.482,53178300
2021-12-20,1.477,1.497,1.47,1.477,52400540
2021-12-21,1.479,1.493,1.474,1.486,28902800
2021-12-22,1.491,1.494,1.48,1.491,29558900
2021-12-23,1.491,1.507,1.482,1.505,33300990
2021-12-24,1.507,1.534,1.507,1.533,48063700
2021-12-27,1.527,1.538,1.519,1.535,46820300
2021-12-28,1.534,1.546,1.533,1.542,40884900
2021-12-29,1.545,1.545,1.492,1.493,63253300
2021-12-30,1.49,1.509,1.488,1.506,41498800
2021-12-31,1.508,1.508,1.492,1.504,43918200
2022-01-04,1.513,1.515,1.489,1.514,52332500
2022-01-05,1.511,1.541,1.506,1.523,74094200
2022-01-06,1.517,1.519,1.483,1.498,56838200
2022-01-07,1.494,1.509,1.492,1.494,34893600
2022-01-10,1.49,1.504,1.471,1.501,36406100
2022-01-11,1.5,1.5,1.475,1.478,34496700
2022-01-12,1.478,1.488,1.467,1.486,27258200
2022-01-13,1.486,1.49,1.443,1.443,43325680
2022-01-14,1.44,1.449,1.428,1.43,34832010
2022-01-17,1.426,1.433,1.414,1.432,33548400
2022-01-18,1.435,1.448,1.424,1.445,36642200
2022-01-19,1.447,1.456,1.439,1.45,29021000
2022-01-20,1.45,1.483,1.448,1.476,49531600
2022-01-21,1.474,1.49,1.468,1.478,35819700
2022-01-24,1.468,1.489,1.458,1.469,35205800
2022-01-25,1.457,1.476,1.441,1.442,38625100
2022-01-26,1.44,1.455,1.424,1.444,38083420
2022-01-27,1.452,1.453,1.418,1.421,35946600
2022-01-28,1.426,1.435,1.401,1.402,38843800
2022-02-07,1.421,1.429,1.403,1.411,44978100
2022-02-08,1.407,1.41,1.373,1.401,39223990
2022-02-09,1.401,1.432,1.396,1.426,50236500
2022-02-10,1.431,1.431,1.415,1.426,26954900
2022-02-11,1.424,1.439,1.417,1.422,34143600
2022-02-14,1.42,1.432,1.413,1.425,38171100
2022-02-15,1.424,1.432,1.416,1.426,26069500
2022-02-16,1.431,1.438,1.424,1.435,26423400
2022-02-17,1.434,1.438,1.423,1.426,32476200
2022-02-18,1.422,1.437,1.415,1.432,23798800
2022-02-21,1.428,1.438,1.425,1.433,16217600
2022-02-22,1.418,1.424,1.387,1.393,28414200
2022-02-23,1.393,1.4,1.387,1.399,14983400
2022-02-24,1.395,1.395,1.35,1.361,29211700
2022-02-25,1.362,1.383,1.362,1.369,21372600
2022-02-28,1.366,1.371,1.349,1.361,20262200
2022-03-01,1.362,1.39,1.362,1.389,38944600
2022-03-02,1.379,1.382,1.368,1.371,10117500
2022-03-03,1.376,1.377,1.347,1.348,23448400
2022-03-04,1.339,1.351,1.332,1.339,28018400
2022-03-07,1.323,1.328,1.273,1.279,50603900
2022-03-08,1.28,1.3,1.25,1.255,40045000
2022-03-09,1.256,1.272,1.2,1.249,74243300
2022-03-10,1.274,1.28,1.26,1.265,37263200
2022-03-11,1.256,1.275,1.237,1.272,40625300
2022-03-14,1.255,1.255,1.223,1.223,35763200
2022-03-15,1.208,1.216,1.159,1.161,41599800
2022-03-16,1.17,1.2,1.142,1.195,44755500
2022-03-17,1.22,1.25,1.218,1.23,57929400
2022-03-18,1.231,1.245,1.22,1.238,37459960
2022-03-21,1.239,1.246,1.222,1.232,42118400
2022-03-22,1.224,1.239,1.224,1.23,44133200
2022-03-23,1.232,1.241,1.222,1.235,35541400
2022-03-24,1.229,1.229,1.214,1.22,30497900
2022-03-25,1.22,1.224,1.193,1.195,35377600
2022-03-28,1.177,1.184,1.159,1.18,35969600
2022-03-29,1.18,1.19,1.17,1.174,23416300
2022-03-30,1.178,1.216,1.178,1.214,22104000
2022-03-31,1.208,1.218,1.206,1.209,26014200
2022-04-01,1.207,1.245,1.2,1.237,34381300
2022-04-06,1.23,1.241,1.219,1.227,37014400
2022-04-07,1.219,1.234,1.211,1.215,31810700
2022-04-08,1.216,1.219,1.206,1.214,30295100
2022-04-11,1.211,1.211,1.18,1.185,42005000
2022-04-12,1.187,1.236,1.183,1.235,42890500
2022-04-13,1.225,1.239,1.221,1.226,28333600
2022-04-14,1.235,1.277,1.233,1.27,57481600
2022-04-15,1.261,1.277,1.253,1.269,43380500
2022-04-18,1.26,1.261,1.246,1.26,30098400
2022-04-19,1.262,1.273,1.244,1.253,29538200
2022-04-20,1.256,1.279,1.24,1.262,42964400
2022-04-21,1.255,1.264,1.23,1.243,43642800
2022-04-22,1.229,1.255,1.214,1.245,37583200
2022-04-25,1.22,1.244,1.199,1.2,40648700
2022-04-26,1.202,1.224,1.195,1.203,46893900
2022-04-27,1.197,1.228,1.192,1.225,46135400
2022-04-28,1.221,1.234,1.217,1.231,46622100
2022-04-29,1.242,1.255,1.221,1.248,52690600
2022-05-05,1.25,1.275,1.248,1.262,44256100
2022-05-06,1.243,1.243,1.223,1.229,35329000
2022-05-09,1.22,1.225,1.201,1.212,26553390
2022-05-10,1.197,1.229,1.188,1.225,31578660
2022-05-11,1.227,1.244,1.22,1.23,57072600
2022-05-12,1.227,1.236,1.219,1.228,38942940
2022-05-13,1.228,1.241,1.22,1.23,42175600
2022-05-16,1.235,1.245,1.216,1.222,42251620
2022-05-17,1.222,1.229,1.219,1.228,35444080
2022-05-18,1.228,1.229,1.209,1.22,36678100
2022-05-19,1.204,1.21,1.2,1.209,35665200
2022-05-20,1.213,1.245,1.209,1.244,53801800
2022-05-23,1.24,1.243,1.217,1.22,56577900
2022-05-24,1.222,1.222,1.198,1.199,45713000
2022-05-25,1.198,1.206,1.194,1.206,42650900
2022-05-26,1.207,1.21,1.187,1.201,41724000
2022-05-27,1.207,1.222,1.197,1.2,49666200
2022-05-30,1.206,1.226,1.206,1.221,51312500
2022-05-31,1.225,1.253,1.215,1.249,72986300
2022-06-01,1.252,1.253,1.236,1.242,40917100
2022-06-02,1.236,1.242,1.23,1.237,46787000
2022-06-06,1.234,1.249,1.219,1.248,50569950
2022-06-07,1.248,1.269,1.24,1.261,64341100
2022-06-08,1.261,1.288,1.26,1.275,59365600
2022-06-09,1.275,1.284,1.259,1.263,48955900
2022-06-10,1.257,1.275,1.252,1.273,50415700
2022-06-13,1.266,1.268,1.244,1.253,51304700
2022-06-14,1.243,1.267,1.24,1.264,55601400
2022-06-15,1.264,1.303,1.261,1.285,68413620
2022-06-16,1.285,1.3,1.282,1.29,49626700
2022-06-17,1.281,1.318,1.28,1.317,92159400
2022-06-20,1.317,1.344,1.314,1.33,61317200
2022-06-21,1.33,1.346,1.32,1.327,78286400
2022-06-22,1.329,1.332,1.307,1.309,55925100
2022-06-23,1.306,1.323,1.306,1.321,70428800
2022-06-24,1.321,1.354,1.321,1.352,66511400
2022-06-27,1.359,1.399,1.359,1.384,106765200
2022-06-28,1.383,1.397,1.376,1.396,54962200
2022-06-29,1.396,1.401,1.377,1.38,57045200
2022-06-30,1.386,1.433,1.38,1.425,90064100
2022-07-01,1.424,1.429,1.4,1.411,74001800
2022-07-04,1.403,1.419,1.394,1.417,62263100
2022-07-05,1.422,1.433,1.394,1.409,63044100
2022-07-06,1.401,1.407,1.371,1.379,87843800
2022-07-07,1.379,1.382,1.36,1.373,102686300
2022-07-08,1.377,1.385,1.367,1.375,62115700
2022-07-11,1.371,1.372,1.351,1.367,98184200
2022-07-12,1.363,1.38,1.352,1.36,76013900
2022-07-13,1.36,1.374,1.357,1.366,58964200
2022-07-14,1.368,1.368,1.345,1.352,57227500
2022-07-15,1.35,1.371,1.338,1.339,56626700
2022-07-18,1.339,1.346,1.314,1.34,81700500
2022-07-19,1.34,1.347,1.328,1.342,47765300
2022-07-20,1.347,1.362,1.343,1.349,56830600
2022-07-21,1.35,1.35,1.334,1.336,44755000
2022-07-22,1.335,1.345,1.322,1.336,51706600
2022-07-25,1.334,1.348,1.331,1.346,69484900
2022-07-26,1.347,1.362,1.347,1.356,40174700
2022-07-27,1.353,1.353,1.332,1.338,72684500
2022-07-28,1.339,1.353,1.332,1.333,48491480
2022-07-29,1.328,1.336,1.3,1.31,76572100
2022-08-01,1.304,1.312,1.293,1.305,41143300
2022-08-02,1.296,1.296,1.276,1.286,67458100
2022-08-03,1.287,1.298,1.268,1.271,74320900
2022-08-04,1.277,1.288,1.272,1.288,54365900
2022-08-05,1.285,1.302,1.281,1.3,60480600
2022-08-08,1.293,1.299,1.284,1.288,44565200
2022-08-09,1.286,1.29,1.281,1.287,32037500
2022-08-10,1.287,1.289,1.262,1.268,50155500
2022-08-11,1.27,1.292,1.27,1.291,39240600
2022-08-12,1.291,1.3,1.286,1.296,44199200
2022-08-15,1.29,1.299,1.284,1.287,42445900
2022-08-16,1.288,1.291,1.277,1.281,61508700
2022-08-17,1.281,1.295,1.272,1.293,51732900
2022-08-18,1.29,1.29,1.268,1.272,46480700
2022-08-19,1.272,1.28,1.267,1.275,39330000
2022-08-22,1.272,1.285,1.268,1.279,47519700
2022-08-23,1.276,1.28,1.263,1.267,48886700
2022-08-24,1.265,1.268,1.254,1.255,49027200
2022-08-25,1.253,1.275,1.253,1.274,57102100
2022-08-26,1.275,1.292,1.275,1.28,50546400
2022-08-29,1.276,1.281,1.268,1.273,47585100
2022-08-30,1.268,1.275,1.26,1.272,43796100
2022-08-31,1.27,1.298,1.267,1.291,55855100
2022-09-01,1.285,1.295,1.279,1.282,46051500
2022-09-02,1.285,1.285,1.258,1.267,60746400
2022-09-05,1.265,1.265,1.241,1.252,53141520
2022-09-06,1.251,1.262,1.246,1.257,51513300
2022-09-07,1.253,1.254,1.242,1.246,51969100
2022-09-08,1.246,1.258,1.246,1.251,46550600
2022-09-09,1.252,1.278,1.247,1.276,52949100
2022-09-13,1.28,1.298,1.278,1.29,62077400
2022-09-14,1.275,1.29,1.273,1.288,58642400
2022-09-15,1.287,1.302,1.281,1.289,59956000
2022-09-16,1.281,1.29,1.263,1.265,77752100
2022-09-19,1.265,1.279,1.255,1.27,62183400
2022-09-20,1.273,1.275,1.257,1.271,46735700
2022-09-21,1.267,1.271,1.249,1.251,66872600
2022-09-22,1.245,1.245,1.225,1.228,78681500
2022-09-23,1.227,1.236,1.216,1.227,57768600
2022-09-26,1.224,1.254,1.22,1.239,46453800
2022-09-27,1.239,1.278,1.232,1.275,56705900
2022-09-28,1.269,1.281,1.264,1.265,64781900
2022-09-29,1.277,1.279,1.249,1.256,68247700
2022-09-30,1.259,1.266,1.247,1.248,51653300
2022-10-10,1.248,1.251,1.206,1.209,81893100
2022-10-11,1.209,1.213,1.193,1.205,58744300
2022-10-12,1.201,1.204,1.167,1.202,52249900
2022-10-13,1.193,1.198,1.183,1.186,45468400
2022-10-14,1.192,1.217,1.191,1.212,74984100
2022-10-17,1.209,1.209,1.192,1.203,75350000
2022-10-18,1.211,1.217,1.201,1.205,41812100
2022-10-19,1.204,1.204,1.163,1.165,101294200
2022-10-20,1.154,1.17,1.146,1.155,61359700
2022-10-21,1.153,1.153,1.13,1.137,59489100
2022-10-24,1.13,1.133,1.083,1.089,65256300
2022-10-25,1.076,1.098,1.074,1.08,47659800
2022-10-26,1.085,1.101,1.074,1.08,54656000
2022-10-27,1.084,1.087,1.051,1.052,68573500
2022-10-28,1.044,1.047,1.023,1.026,62757100
2022-10-31,1.006,1.025,0.999,1.003,56507100
2022-11-01,1.003,1.058,1.003,1.057,71587900
2022-11-02,1.055,1.091,1.053,1.08,77261100
2022-11-03,1.065,1.068,1.057,1.064,49728200
2022-11-04,1.064,1.12,1.063,1.113,85043000
2022-11-07,1.108,1.123,1.099,1.115,64589000
2022-11-08,1.115,1.121,1.095,1.102,59152500
2022-11-09,1.104,1.111,1.091,1.093,43062200
2022-11-10,1.082,1.102,1.081,1.098,52998600
2022-11-11,1.131,1.149,1.114,1.136,102340400
2022-11-14,1.145,1.166,1.134,1.138,74522900
2022-11-15,1.136,1.166,1.13,1.161,82973000
2022-11-16,1.162,1.173,1.155,1.159,55096500
2022-11-17,1.153,1.164,1.142,1.153,61347700
2022-11-18,1.155,1.161,1.147,1.151,63467400
2022-11-21,1.14,1.14,1.113,1.126,60140100
2022-11-22,1.126,1.141,1.118,1.125,65155490
2022-11-23,1.123,1.128,1.116,1.119,47267500
2022-11-24,1.122,1.131,1.107,1.111,53776600
2022-11-25,1.11,1.121,1.106,1.117,54329400
2022-11-28,1.095,1.117,1.081,1.117,64060200
2022-11-29,1.127,1.163,1.127,1.162,73665140
2022-11-30,1.162,1.175,1.154,1.163,53001300
2022-12-01,1.195,1.215,1.191,1.194,98526260
2022-12-02,1.193,1.202,1.184,1.191,41954900
2022-12-05,1.21,1.225,1.208,1.219,65782300
2022-12-06,1.22,1.26,1.211,1.243,102118800
2022-12-07,1.243,1.268,1.235,1.248,103493720
2022-12-08,1.251,1.253,1.234,1.249,72838800
2022-12-09,1.248,1.28,1.239,1.278,89635160
2022-12-12,1.269,1.283,1.26,1.264,52494700
2022-12-13,1.263,1.272,1.252,1.265,43868000
2022-12-14,1.264,1.293,1.261,1.286,60685800
2022-12-15,1.292,1.3,1.275,1.279,47625340
2022-12-16,1.273,1.284,1.268,1.283,47968000
2022-12-19,1.284,1.293,1.265,1.27,54294900
2022-12-20,1.261,1.272,1.221,1.235,59603900
2022-12-21,1.234,1.251,1.234,1.243,94605300
2022-12-22,1.249,1.279,1.249,1.265,56522930
2022-12-23,1.262,1.28,1.251,1.268,51434000
2022-12-26,1.268,1.275,1.252,1.255,48639100
2022-12-27,1.266,1.278,1.256,1.272,40647900
2022-12-28,1.272,1.272,1.258,1.268,44089800
2022-12-29,1.263,1.263,1.247,1.257,45027000
2022-12-30,1.257,1.27,1.254,1.264,205440300
2023-01-03,1.264,1.268,1.243,1.25,77177400
2023-01-04,1.25,1.265,1.245,1.257,66751300
2023-01-05,1.262,1.306,1.262,1.301,72876040
2023-01-06,1.301,1.308,1.294,1.303,68032440
2023-01-09,1.31,1.321,1.301,1.318,55602900
2023-01-10,1.317,1.334,1.314,1.333,55686100
2023-01-11,1.333,1.335,1.317,1.323,59444400
2023-01-12,1.322,1.329,1.31,1.315,54696800
2023-01-13,1.312,1.349,1.312,1.345,64653400
2023-01-16,1.35,1.392,1.35,1.377,70738000
2023-01-17,1.377,1.381,1.365,1.37,96887800
2023-01-18,1.372,1.388,1.357,1.36,55155800
2023-01-19,1.36,1.36,1.342,1.357,66840600
2023-01-20,1.36,1.375,1.355,1.358,61773500
2023-01-30,1.388,1.396,1.36,1.362,74930500
2023-01-31,1.362,1.368,1.329,1.333,79959600
2023-02-01,1.332,1.339,1.314,1.337,56568600
2023-02-02,1.339,1.348,1.33,1.345,63362600
2023-02-03,1.339,1.339,1.317,1.329,71135000
2023-02-06,1.306,1.31,1.29,1.302,119664700
2023-02-07,1.3,1.313,1.3,1.308,68290200
2023-02-08,1.308,1.314,1.298,1.301,53107800
2023-02-09,1.298,1.326,1.298,1.325,54490900
2023-02-10,1.324,1.329,1.316,1.324,50102700
2023-02-13,1.324,1.364,1.322,1.358,103144800
2023-02-14,1.358,1.359,1.344,1.348,43659600
2023-02-15,1.347,1.353,1.335,1.34,57906600
2023-02-16,1.337,1.357,1.325,1.338,73403700
2023-02-17,1.335,1.353,1.325,1.328,107567700
2023-02-20,1.324,1.366,1.323,1.364,63812400
2023-02-21,1.363,1.364,1.35,1.359,66340200
2023-02-22,1.355,1.362,1.346,1.351,49594300
2023-02-23,1.347,1.362,1.335,1.345,55977800
2023-02-24,1.344,1.345,1.32,1.329,62131700
2023-02-27,1.317,1.337,1.314,1.332,56571200
2023-02-28,1.333,1.344,1.322,1.335,68345800
2023-03-01,1.334,1.354,1.329,1.348,53694100
2023-03-02,1.347,1.353,1.342,1.345,48062300
2023-03-03,1.348,1.36,1.335,1.345,59261900
2023-03-06,1.345,1.345,1.328,1.333,53579700
2023-03-07,1.333,1.333,1.303,1.307,74186300
2023-03-08,1.303,1.307,1.294,1.299,45637100
2023-03-09,1.298,1.3,1.277,1.29,151595900
2023-03-10,1.283,1.292,1.268,1.269,60723000
2023-03-13,1.27,1.295,1.269,1.291,63688300
2023-03-14,1.291,1.292,1.273,1.28,50483800
2023-03-15,1.291,1.293,1.271,1.272,46606000
2023-03-16,1.27,1.284,1.262,1.272,55005800
2023-03-17,1.277,1.282,1.259,1.265,61157200
2023-03-20,1.265,1.265,1.244,1.246,56015800
2023-03-21,1.247,1.281,1.247,1.277,49892900
2023-03-22,1.279,1.291,1.273,1.275,42916800
2023-03-23,1.273,1.289,1.267,1.279,59345500
2023-03-24,1.279,1.289,1.274,1.279,46132500
2023-03-27,1.279,1.282,1.265,1.269,53829500
2023-03-28,1.269,1.279,1.267,1.276,70833200
2023-03-29,1.278,1.285,1.275,1.28,54450200
2023-03-30,1.282,1.304,1.275,1.304,72249200
2023-03-31,1.31,1.312,1.291,1.295,67361200
2023-04-03,1.29,1.299,1.282,1.291,53881800
2023-04-04,1.291,1.297,1.28,1.292,57061600
2023-04-06,1.283,1.292,1.269,1.275,57717500
2023-04-07,1.27,1.288,1.268,1.281,62368600
2023-04-10,1.281,1.282,1.253,1.269,55787200
2023-04-11,1.266,1.274,1.255,1.259,76495100
2023-04-12,1.26,1.262,1.238,1.241,71561200
2023-04-13,1.24,1.245,1.231,1.243,83168320
2023-04-14,1.244,1.245,1.229,1.232,60799600
2023-04-17,1.238,1.253,1.235,1.253,47672200
2023-04-18,1.25,1.263,1.25,1.262,54759440
2023-04-19,1.261,1.261,1.241,1.246,60654300
2023-04-20,1.246,1.25,1.232,1.237,55047800
2023-04-21,1.236,1.244,1.223,1.223,55871100
2023-04-24,1.223,1.225,1.198,1.206,91749600
2023-04-25,1.206,1.21,1.191,1.21,68444900
2023-04-26,1.208,1.21,1.192,1.206,78921600
2023-04-27,1.206,1.219,1.198,1.214,131710100
2023-04-28,1.22,1.23,1.216,1.223,60258400
2023-05-04,1.222,1.222,1.199,1.202,49056100
2023-05-05,1.205,1.208,1.193,1.205,56196000
2023-05-08,1.205,1.211,1.191,1.194,65369100
2023-05-09,1.194,1.207,1.186,1.194,54885700
2023-05-10,1.19,1.194,1.181,1.193,56145100
2023-05-11,1.194,1.198,1.183,1.186,34013500
2023-05-12,1.186,1.197,1.176,1.178,38550800
2023-05-15,1.179,1.188,1.171,1.187,50753500
2023-05-16,1.189,1.189,1.171,1.176,44497500
2023-05-17,1.173,1.176,1.163,1.166,45067500
2023-05-18,1.165,1.171,1.156,1.16,44229300
2023-05-19,1.159,1.176,1.151,1.173,49099900
2023-05-22,1.171,1.209,1.169,1.206,90301920
2023-05-23,1.203,1.207,1.192,1.193,76701950
2023-05-24,1.191,1.192,1.174,1.175,68550000
2023-05-25,1.172,1.172,1.157,1.165,83393100
2023-05-26,1.165,1.171,1.153,1.165,82360500
2023-05-29,1.165,1.17,1.147,1.153,72408500
2023-05-30,1.153,1.158,1.131,1.143,92059700
2023-05-31,1.138,1.14,1.115,1.122,90976100
2023-06-02,1.13,1.156,1.127,1.154,74341800
2023-06-05,1.149,1.154,1.139,1.143,55514700
2023-06-06,1.143,1.158,1.135,1.141,49758300
2023-06-07,1.142,1.15,1.133,1.137,68267700
2023-06-08,1.13,1.15,1.13,1.14,68851400
2023-06-09,1.15,1.15,1.14,1.14,62743200
2023-06-12,1.14,1.17,1.14,1.17,95703200
2023-06-13,1.17,1.18,1.16,1.17,80411300
2023-06-14,1.17,1.19,1.17,1.19,146861300
2023-06-15,1.19,1.21,1.19,1.2,79029800
2023-06-16,1.21,1.22,1.2,1.21,68407000
2023-06-19,1.22,1.22,1.19,1.19,75469500
2023-06-20,1.19,1.2,1.18,1.19,55657600
2023-06-21,1.18,1.19,1.17,1.18,58708100
2023-06-26,1.17,1.17,1.15,1.15,67479800
2023-06-27,1.15,1.17,1.15,1.17,57679900
2023-06-28,1.17,1.18,1.16,1.17,48237500
2023-06-29,1.17,1.17,1.16,1.16,52260000
2023-06-30,1.16,1.17,1.16,1.16,44071600
2023-07-03,1.16,1.18,1.16,1.18,76978200
2023-07-04,1.18,1.19,1.17,1.18,237459700
2023-07-05,1.18,1.18,1.16,1.17,55927400
2023-07-06,1.16,1.17,1.15,1.16,59673300
2023-07-07,1.15,1.16,1.15,1.16,37090300
2023-07-10,1.16,1.17,1.16,1.16,43474600
2023-07-11,1.16,1.17,1.16,1.17,41596500
2023-07-12,1.17,1.17,1.16,1.16,42074420
2023-07-13,1.17,1.19,1.17,1.19,43085700
2023-07-14,1.19,1.19,1.18,1.18,59677900
2023-07-17,1.18,1.18,1.17,1.17,38396300
2023-07-18,1.17,1.17,1.16,1.17,52590200
2023-07-19,1.16,1.17,1.16,1.17,50363100
2023-07-20,1.17,1.18,1.17,1.17,44600100
2023-07-21,1.17,1.19,1.17,1.18,50941500
2023-07-24,1.18,1.18,1.17,1.17,54956500
2023-07-25,1.19,1.21,1.19,1.21,71192790
2023-07-26,1.21,1.21,1.2,1.21,51819770
2023-07-27,1.21,1.22,1.21,1.21,58372200
2023-07-28,1.21,1.24,1.21,1.24,64628260
2023-07-31,1.25,1.27,1.24,1.25,86679800
2023-08-01,1.25,1.25,1.23,1.24,92627500
2023-08-02,1.23,1.24,1.22,1.23,51571500
2023-08-03,1.22,1.23,1.22,1.23,98697700
2023-08-04,1.24,1.25,1.23,1.23,60911300
2023-08-07,1.22,1.23,1.21,1.22,92372100
2023-08-08,1.21,1.22,1.21,1.22,77397800
2023-08-09,1.21,1.22,1.21,1.22,75010400
2023-08-10,1.21,1.22,1.2,1.21,66245600
2023-08-11,1.22,1.22,1.19,1.19,55269200
2023-08-14,1.18,1.18,1.16,1.18,108224100
2023-08-15,1.18,1.18,1.16,1.17,46996700
2023-08-16,1.17,1.18,1.17,1.17,48887500
2023-08-17,1.17,1.18,1.16,1.18,53611800
2023-08-18,1.18,1.18,1.16,1.16,53561700
2023-08-21,1.16,1.16,1.15,1.15,49266700
2023-08-22,1.15,1.15,1.13,1.14,57419500
2023-08-23,1.14,1.15,1.13,1.13,45186500
2023-08-24,1.13,1.15,1.13,1.15,54200700
2023-08-25,1.15,1.15,1.14,1.15,45365200
2023-08-28,1.22,1.22,1.14,1.14,43660100
2023-08-29,1.14,1.16,1.14,1.16,37459800
2023-08-30,1.16,1.17,1.15,1.16,37414200
2023-08-31,1.16,1.16,1.15,1.15,34345600
2023-09-01,1.16,1.17,1.16,1.16,49828220
2023-09-04,1.17,1.19,1.17,1.19,39982300
2023-09-05,1.18,1.19,1.18,1.18,19297600
2023-09-06,1.18,1.18,1.17,1.18,33527700
2023-09-07,1.18,1.18,1.16,1.16,60309700
2023-09-08,1.16,1.16,1.15,1.15,43683500
2023-09-11,1.15,1.17,1.15,1.16,35084050
2023-09-12,1.16,1.17,1.16,1.16,27643900
2023-09-13,1.16,1.17,1.15,1.16,39505800
2023-09-14,1.16,1.16,1.15,1.16,37766500
2023-09-15,1.15,1.16,1.14,1.14,27910900
2023-09-18,1.14,1.16,1.13,1.16,30621500
2023-09-19,1.16,1.16,1.15,1.15,31144500
2023-09-20,1.15,1.16,1.15,1.15,22266900
2023-09-21,1.15,1.15,1.14,1.14,38939000
2023-09-22,1.14,1.16,1.13,1.16,28063000
2023-09-25,1.16,1.16,1.15,1.15,24648800
2023-09-26,1.15,1.15,1.14,1.15,28393700
2023-09-27,1.14,1.16,1.14,1.15,24352900
2023-09-28,1.15,1.15,1.13,1.13,34920600
2023-10-09,1.13,1.13,1.11,1.12,49104100
2023-10-10,1.12,1.13,1.11,1.11,20581600
2023-10-11,1.11,1.12,1.11,1.12,38157200
2023-10-12,1.12,1.13,1.11,1.12,39366900
2023-10-13,1.11,1.12,1.1,1.1,37113800
2023-10-16,1.1,1.1,1.09,1.09,35273700
2023-10-17,1.09,1.1,1.08,1.09,34469900
2023-10-18,1.09,1.1,1.09,1.09,34027100
2023-10-19,1.08,1.08,1.05,1.06,45925100
2023-10-20,1.05,1.06,1.05,1.05,42359500
2023-10-23,1.05,1.06,1.04,1.05,27731100
2023-10-24,1.05,1.05,1.04,1.05,34724000
2023-10-25,1.06,1.07,1.06,1.07,31199500
2023-10-26,1.06,1.07,1.06,1.07,40406700
2023-10-27,1.07,1.1,1.07,1.09,45383800
2023-10-30,1.09,1.1,1.09,1.1,52434900
2023-10-31,1.1,1.11,1.09,1.1,33252300
2023-11-01,1.13,1.14,1.11,1.12,51324100
2023-11-02,1.11,1.12,1.11,1.11,39884800
2023-11-03,1.11,1.12,1.11,1.12,63720500
2023-11-06,1.12,1.13,1.12,1.12,36251700
2023-11-07,1.12,1.12,1.11,1.12,38557600
2023-11-08,1.12,1.12,1.11,1.12,31478200
2023-11-09,1.12,1.12,1.11,1.12,32502600
2023-11-10,1.12,1.12,1.11,1.11,30589300
2023-11-13,1.11,1.11,1.09,1.1,36656500
2023-11-14,1.1,1.11,1.1,1.1,41249600
2023-11-15,1.11,1.11,1.1,1.11,37512100
2023-11-16,1.11,1.11,1.1,1.1,32186800
2023-11-17,1.1,1.1,1.09,1.09,39286100
2023-11-20,1.09,1.11,1.09,1.1,43791700
2023-11-21,1.11,1.12,1.1,1.11,40875500
2023-11-22,1.11,1.11,1.1,1.1,32365600
2023-11-23,1.1,1.11,1.1,1.11,40368600
2023-11-24,1.11,1.11,1.1,1.11,42605600
2023-11-27,1.11,1.11,1.09,1.09,37003700
2023-11-28,1.1,1.1,1.09,1.1,32055600
2023-11-29,1.09,1.09,1.09,1.09,30933100
2023-11-30,1.09,1.1,1.09,1.1,37185000
2023-12-01,1.1,1.1,1.07,1.08,46223100
2023-12-04,1.08,1.08,1.07,1.08,43489900
2023-12-05,1.08,1.08,1.06,1.06,43597900
2023-12-06,1.06,1.07,1.05,1.06,38498000
2023-12-07,1.07,1.07,1.05,1.06,42432500
2023-12-08,1.06,1.06,1.06,1.06,49862800
2023-12-11,1.05,1.06,1.04,1.06,60460700
2023-12-12,1.05,1.06,1.05,1.06,31345700
2023-12-13,1.06,1.06,1.04,1.04,41735100
2023-12-14,1.04,1.04,1.03,1.03,39082200
2023-12-15,1.03,1.05,1.03,1.03,44338900
2023-12-18,1.03,1.03,1.02,1.03,49965300
2023-12-19,1.03,1.03,1.02,1.03,41826700
2023-12-20,1.03,1.03,1.02,1.02,43523900
2023-12-21,1.01,1.03,1.01,1.03,46472600
2023-12-22,1.03,1.04,1.03,1.04,43282300
2023-12-25,1.04,1.04,1.04,1.04,33979900
2023-12-26,1.04,1.04,1.03,1.04,35002200
2023-12-27,1.04,1.05,1.03,1.04,40837700
2023-12-28,1.05,1.08,1.04,1.07,58724100
2023-12-29,1.07,1.08,1.06,1.07,45863300
2024-01-03,1.06,1.06,1.05,1.06,47319700
2024-01-04,1.06,1.06,1.04,1.05,56308900
2024-01-05,1.05,1.06,1.04,1.05,40212800
2024-01-08,1.05,1.05,1.03,1.03,52156400
2024-01-09,1.03,1.04,1.03,1.04,49299000
2024-01-10,1.04,1.05,1.03,1.04,57871000
2024-01-11,1.04,1.05,1.04,1.05,69257000
2024-01-12,1.04,1.05,1.04,1.04,34996800
2024-01-15,1.04,1.05,1.04,1.04,38560700
2024-01-16,1.04,1.05,1.04,1.05,51108200
2024-01-17,1.05,1.05,1.03,1.03,48184830
2024-01-18,1.03,1.05,1.01,1.04,61588900
2024-01-19,1.04,1.05,1.03,1.04,50778700
2024-01-22,1.04,1.04,1.01,1.02,46421300
2024-01-23,1.02,1.03,1.01,1.02,54195200
2024-01-24,1.03,1.03,1.01,1.03,56839200
2024-01-25,1.03,1.04,1.03,1.04,46600600
2024-01-26,1.04,1.04,1.03,1.04,42026400
2024-01-29,1.04,1.06,1.04,1.05,45531700
2024-01-30,1.05,1.05,1.03,1.03,48793700
2024-01-31,1.03,1.03,1.02,1.03,64752000
2024-02-01,1.02,1.04,1.02,1.03,41971200
2024-02-02,1.03,1.04,1,1.02,78089100
2024-02-05,1.02,1.05,1.01,1.04,54895800
2024-02-06,1.04,1.07,1.03,1.07,49755700
2024-02-07,1.07,1.09,1.06,1.09,55054900
2024-02-08,1.09,1.1,1.08,1.09,65027180
2024-02-19,1.1,1.1,1.08,1.09,76237500
2024-02-20,1.09,1.1,1.08,1.09,45941800
2024-02-21,1.09,1.12,1.09,1.11,68370600
2024-02-22,1.11,1.11,1.1,1.11,44552200
2024-02-23,1.11,1.11,1.1,1.11,61653700
2024-02-26,1.11,1.12,1.1,1.1,48218400
2024-02-27,1.1,1.11,1.1,1.11,54410100
2024-02-28,1.11,1.12,1.11,1.11,50546500
2024-02-29,1.1,1.12,1.1,1.12,69554200
2024-03-01,1.12,1.13,1.12,1.12,40136200
2024-03-04,1.12,1.13,1.11,1.12,51022500
2024-03-05,1.12,1.13,1.11,1.13,56422500
2024-03-06,1.13,1.13,1.12,1.12,47556400
2024-03-07,1.12,1.14,1.12,1.13,78497600
2024-03-08,1.12,1.13,1.12,1.12,36801100
2024-03-11,1.12,1.14,1.12,1.14,45045800
2024-03-12,1.14,1.15,1.13,1.15,44880970
2024-03-13,1.15,1.15,1.14,1.14,40637200
2024-03-14,1.14,1.15,1.13,1.14,45199100
2024-03-15,1.14,1.14,1.13,1.14,41206200
2024-03-18,1.14,1.14,1.12,1.13,68948900
2024-03-19,1.13,1.14,1.13,1.14,56344300
2024-03-20,1.13,1.14,1.13,1.13,36761000
2024-03-21,1.14,1.14,1.12,1.13,42761200
2024-03-22,1.13,1.13,1.11,1.12,39458400
2024-03-25,1.12,1.13,1.11,1.12,34514400
2024-03-26,1.12,1.13,1.12,1.13,73206100
2024-03-27,1.13,1.13,1.12,1.12,54474500
2024-03-28,1.12,1.14,1.12,1.13,40599300
2024-03-29,1.13,1.13,1.12,1.13,36048700
2024-04-01,1.13,1.16,1.13,1.16,33959000
2024-04-02,1.16,1.16,1.15,1.15,38900100
2024-04-03,1.15,1.16,1.15,1.16,33873200
2024-04-08,1.15,1.16,1.13,1.13,52173800
2024-04-09,1.13,1.13,1.12,1.12,36636000
2024-04-10,1.12,1.13,1.11,1.12,34497500
2024-04-11,1.12,1.12,1.11,1.11,36707900
2024-04-12,1.12,1.12,1.1,1.1,29951700
2024-04-15,1.1,1.13,1.1,1.13,45586900
2024-04-16,1.13,1.14,1.12,1.13,54561700
2024-04-17,1.13,1.13,1.12,1.13,44090000
2024-04-18,1.13,1.16,1.13,1.15,147383200
2024-04-19,1.14,1.14,1.13,1.14,32671500
2024-04-22,1.14,1.16,1.14,1.15,38922200
2024-04-23,1.15,1.15,1.14,1.15,164932200
2024-04-24,1.15,1.15,1.13,1.15,40437800
2024-04-25,1.14,1.15,1.14,1.15,28553800
2024-04-26,1.15,1.16,1.15,1.16,39796700
2024-04-29,1.16,1.18,1.15,1.17,34498000
2024-04-30,1.17,1.2,1.17,1.18,45865800
2024-05-06,1.19,1.21,1.19,1.21,34826230
2024-05-07,1.2,1.21,1.2,1.2,39425100
2024-05-08,1.2,1.21,1.2,1.2,41024500
2024-05-09,1.2,1.21,1.2,1.21,56157000
2024-05-10,1.21,1.22,1.2,1.21,58505200
2024-05-13,1.21,1.21,1.2,1.21,47865100
2024-05-14,1.21,1.21,1.2,1.2,155024700
2024-05-15,1.21,1.21,1.2,1.2,29383700
2024-05-16,1.2,1.21,1.19,1.2,30088770
2024-05-17,1.2,1.21,1.19,1.21,27384900
2024-05-20,1.21,1.22,1.2,1.21,124073600
2024-05-21,1.2,1.21,1.2,1.21,25947300
2024-05-22,1.2,1.21,1.2,1.2,22870600
2024-05-23,1.19,1.2,1.19,1.19,108374300
2024-05-24,1.19,1.19,1.18,1.18,33455100
2024-05-27,1.18,1.19,1.18,1.19,22341300
2024-05-28,1.19,1.19,1.18,1.18,21867100
2024-05-29,1.18,1.18,1.18,1.18,19277820
2024-05-30,1.18,1.18,1.16,1.17,22613680
2024-05-31,1.17,1.17,1.16,1.16,18498600
2024-06-04,1.16,1.18,1.16,1.17,50173500
2024-06-05,1.18,1.18,1.16,1.16,17569100
2024-06-06,1.16,1.17,1.16,1.17,26486200
2024-06-07,1.17,1.17,1.15,1.15,23049300
2024-06-11,1.15,1.15,1.13,1.14,27573500
2024-06-12,1.14,1.14,1.14,1.14,14390900
2024-06-13,1.14,1.14,1.12,1.13,26176400
2024-06-14,1.12,1.14,1.12,1.14,32031000
2024-06-17,1.13,1.13,1.12,1.12,28271200
2024-06-18,1.12,1.13,1.11,1.12,30021500
2024-06-19,1.12,1.12,1.1,1.11,30415800
2024-06-20,1.11,1.11,1.1,1.1,31987100
2024-06-21,1.1,1.1,1.09,1.09,27299100
2024-06-24,1.08,1.1,1.08,1.09,37134300
2024-06-25,1.09,1.1,1.09,1.09,24714750
2024-06-26,1.09,1.09,1.09,1.09,20749000
2024-06-27,1.09,1.09,1.07,1.08,22216800
2024-06-28,1.08,1.08,1.07,1.07,21368000
2024-07-01,1.07,1.07,1.06,1.07,21544300
2024-07-02,1.07,1.07,1.06,1.06,28590800
2024-07-03,1.06,1.07,1.06,1.06,23242000
2024-07-04,1.06,1.07,1.06,1.06,25489500
2024-07-05,1.06,1.06,1.04,1.05,27842800
2024-07-08,1.05,1.05,1.04,1.04,18669700
2024-07-09,1.03,1.04,1.03,1.04,27735600
2024-07-10,1.04,1.05,1.03,1.04,18079900
2024-07-11,1.05,1.06,1.04,1.06,32218000
2024-07-12,1.06,1.07,1.05,1.06,17533200
2024-07-15,1.06,1.06,1.05,1.05,23678600
2024-07-16,1.06,1.06,1.05,1.05,22563900
2024-07-17,1.05,1.06,1.04,1.06,30796230
2024-07-18,1.06,1.07,1.05,1.07,34807600
2024-07-19,1.07,1.07,1.06,1.07,24441600
2024-07-22,1.07,1.07,1.06,1.06,28630700
2024-07-23,1.06,1.06,1.03,1.03,32931700
2024-07-24,1.03,1.03,1,1.01,28921700
2024-07-25,1,1.01,1,1.01,23321500
2024-07-26,1.02,1.03,1.02,1.03,20731600
2024-07-29,1.03,1.03,1.01,1.01,19009600
2024-07-30,1.01,1.01,0.994,1,24486600
2024-07-31,0.999,1.04,0.998,1.04,32476600
2024-08-01,1.04,1.04,1.02,1.02,31239000
2024-08-02,1.02,1.03,1.01,1.02,21555500
2024-08-05,1.02,1.04,1.02,1.02,28414900
2024-08-06,1.02,1.03,1.01,1.02,31366700
2024-08-07,1.02,1.02,1.01,1.02,21022700
2024-08-08,1.02,1.04,1.01,1.03,24658100
2024-08-09,1.04,1.04,1.02,1.02,17046200
2024-08-12,1.02,1.03,1.02,1.03,21293500
2024-08-13,1.03,1.03,1.01,1.02,18623500
2024-08-14,1.02,1.02,1.01,1.01,16883500
2024-08-15,1,1.02,1,1.01,24157000
2024-08-16,1.01,1.02,1.01,1.01,17644800
2024-08-19,1.01,1.03,1.01,1.01,18733800
2024-08-20,1.01,1.02,1.01,1.01,28616500
2024-08-21,1.01,1.01,1,1.01,18478700
2024-08-22,1.01,1.01,0.999,1,16286600
2024-08-23,1,1.02,1,1.02,24147200
2024-08-26,1.02,1.02,1.01,1.01,15203400
2024-08-27,1.01,1.01,1,1.01,15994300
2024-08-28,1.01,1.01,0.986,0.993,29063100
2024-08-29,0.986,0.999,0.985,0.997,17063800
2024-08-30,0.991,1.03,0.986,1.02,30370600
2024-09-02,1.02,1.02,0.998,0.998,20947100
2024-09-03,1,1.02,0.998,1.01,16851400
2024-09-04,1.01,1.02,1.01,1.01,15075700
2024-09-05,1.01,1.01,1,1.01,29215000
2024-09-06,1.01,1.01,0.991,0.992,23695700
2024-09-09,0.989,0.99,0.972,0.975,26427200
2024-09-10,0.971,0.977,0.969,0.972,22304100
2024-09-11,0.972,0.984,0.962,0.978,25733400
2024-09-12,0.982,0.985,0.967,0.968,18474200
2024-09-13,0.962,0.973,0.96,0.963,26346600
2024-09-18,0.964,0.971,0.959,0.968,17416700
2024-09-19,0.962,0.989,0.961,0.978,33146400
2024-09-20,0.979,0.983,0.971,0.982,20296100
2024-09-23,0.982,0.999,0.981,0.986,22908800
2024-09-24,0.993,1.027,0.98,1.026,54810500
2024-09-25,1.03,1.062,1.03,1.04,93225800
2024-09-26,1.038,1.124,1.038,1.123,59057600
2024-09-27,1.144,1.18,1.142,1.175,47121200
2024-09-30,1.241,1.29,1.19,1.279,127010000
2024-10-08,1.407,1.407,1.277,1.344,189581700
2024-10-09,1.299,1.299,1.21,1.21,125432200
2024-10-10,1.205,1.247,1.196,1.224,81339800
2024-10-11,1.22,1.223,1.184,1.197,46511300
2024-10-14,1.197,1.217,1.18,1.21,39828900
2024-10-15,1.211,1.211,1.17,1.171,48428900
2024-10-16,1.154,1.168,1.144,1.151,33818900
2024-10-17,1.156,1.164,1.13,1.131,33018100
2024-10-18,1.13,1.184,1.124,1.165,62987100
2024-10-21,1.165,1.172,1.145,1.161,62869600
2024-10-22,1.163,1.189,1.161,1.181,86597200
2024-10-23,1.197,1.198,1.179,1.188,62949800
2024-10-24,1.18,1.185,1.17,1.175,30016000
2024-10-25,1.168,1.187,1.168,1.179,38556900
2024-10-28,1.182,1.189,1.166,1.186,108630800
2024-10-29,1.185,1.198,1.167,1.17,64085100
2024-10-30,1.165,1.174,1.147,1.154,51287000
2024-10-31,1.153,1.155,1.133,1.144,36079000
2024-11-01,1.143,1.159,1.137,1.151,55348100
2024-11-04,1.158,1.164,1.146,1.163,30268580
2024-11-05,1.158,1.182,1.151,1.182,53397000
2024-11-06,1.182,1.184,1.16,1.167,83584300
2024-11-07,1.161,1.218,1.159,1.218,194164100
2024-11-08,1.25,1.25,1.193,1.206,157913200
2024-11-11,1.193,1.194,1.17,1.194,107633800
2024-11-12,1.195,1.218,1.185,1.196,80048700
2024-11-13,1.189,1.198,1.184,1.195,57328790
2024-11-14,1.194,1.203,1.181,1.184,49613100
2024-11-15,1.184,1.188,1.166,1.171,85440100
2024-11-18,1.171,1.176,1.151,1.157,40893700
2024-11-19,1.158,1.163,1.14,1.156,41607300
2024-11-20,1.156,1.162,1.15,1.16,38906000
2024-11-21,1.157,1.16,1.15,1.156,24190700
2024-11-22,1.158,1.161,1.126,1.128,49203400
2024-11-25,1.126,1.143,1.118,1.123,39626100
2024-11-26,1.12,1.136,1.117,1.129,30964700
2024-11-27,1.129,1.146,1.123,1.145,33143700
2024-11-28,1.147,1.148,1.129,1.133,30340600
2024-11-29,1.136,1.16,1.134,1.146,53472100
2024-12-02,1.146,1.159,1.14,1.157,35093300
2024-12-03,1.155,1.158,1.147,1.156,28892000
2024-12-04,1.151,1.164,1.146,1.155,34966290
2024-12-05,1.153,1.158,1.147,1.151,21601200
2024-12-06,1.152,1.169,1.15,1.164,37667600
2024-12-09,1.164,1.171,1.151,1.163,42956100
2024-12-10,1.215,1.229,1.18,1.181,143010500
2024-12-11,1.177,1.199,1.176,1.193,55703400
2024-12-12,1.19,1.213,1.188,1.212,69142600
2024-12-13,1.207,1.21,1.18,1.182,87961000
2024-12-16,1.18,1.183,1.167,1.172,44587000
2024-12-17,1.172,1.186,1.165,1.175,50030200
2024-12-18,1.177,1.183,1.174,1.178,22743300
2024-12-19,1.169,1.177,1.166,1.173,38485200
2024-12-20,1.176,1.179,1.166,1.169,43020800
2024-12-23,1.165,1.176,1.165,1.168,31315900
2024-12-24,1.165,1.184,1.165,1.183,42972000
2024-12-25,1.181,1.184,1.173,1.176,31184600
2024-12-26,1.177,1.18,1.172,1.18,28704100
2024-12-27,1.179,1.181,1.169,1.176,34356400
2024-12-30,1.176,1.184,1.173,1.175,28777400
2024-12-31,1.174,1.185,1.17,1.171,41937300
2025-01-02,1.17,1.179,1.15,1.156,50383100
2025-01-03,1.156,1.163,1.138,1.143,37992500
2025-01-06,1.134,1.146,1.128,1.135,40754600
2025-01-07,1.134,1.145,1.131,1.138,31206900
2025-01-08,1.136,1.153,1.128,1.146,47660100
2025-01-09,1.143,1.155,1.14,1.152,31004400
2025-01-10,1.15,1.154,1.133,1.134,41709800
2025-01-13,1.128,1.135,1.117,1.123,27492200
2025-01-14,1.123,1.146,1.12,1.143,41355000
2025-01-15,1.141,1.149,1.134,1.137,25878400
2025-01-16,1.141,1.151,1.131,1.134,32329300
2025-01-17,1.134,1.144,1.128,1.139,28363700
2025-01-20,1.14,1.157,1.14,1.143,29744800
2025-01-21,1.144,1.148,1.134,1.141,28894600
2025-01-22,1.139,1.139,1.118,1.125,43710500
2025-01-23,1.131,1.14,1.124,1.127,47822500
2025-01-24,1.123,1.134,1.12,1.128,25500500
2025-01-27,1.132,1.135,1.128,1.131,24831600
2025-02-05,1.135,1.135,1.107,1.109,46584240
2025-02-06,1.11,1.119,1.105,1.116,31347900
2025-02-07,1.115,1.133,1.109,1.127,41408200
2025-02-10,1.126,1.128,1.117,1.125,29411200
2025-02-11,1.128,1.129,1.119,1.122,30074500
2025-02-12,1.119,1.127,1.113,1.127,41925100
2025-02-13,1.126,1.144,1.123,1.137,57561500
2025-02-14,1.134,1.143,1.133,1.141,58757100
2025-02-17,1.142,1.149,1.133,1.139,72131300
2025-02-18,1.139,1.141,1.123,1.129,76251600
2025-02-19,1.128,1.132,1.123,1.131,47878800
2025-02-20,1.13,1.134,1.125,1.128,43377600
2025-02-21,1.129,1.133,1.12,1.132,75172300
2025-02-24,1.132,1.139,1.127,1.133,58599300
2025-02-25,1.128,1.129,1.11,1.112,73015900
2025-02-26,1.112,1.122,1.111,1.122,54322200
2025-02-27,1.122,1.148,1.121,1.146,119396000
2025-02-28,1.143,1.161,1.138,1.138,82870800
2025-03-03,1.138,1.149,1.122,1.129,75371000
2025-03-04,1.127,1.132,1.123,1.129,44412200
2025-03-05,1.129,1.131,1.122,1.129,57900000
2025-03-06,1.132,1.144,1.126,1.143,63482200
2025-03-07,1.14,1.15,1.135,1.146,50392370
2025-03-10,1.144,1.146,1.137,1.144,39625900
2025-03-11,1.135,1.155,1.134,1.155,90966800
2025-03-12,1.159,1.16,1.144,1.145,57703100
2025-03-13,1.145,1.153,1.142,1.144,64018700
2025-03-14,1.147,1.194,1.147,1.193,214985950
2025-03-17,1.212,1.213,1.186,1.193,191942200
2025-03-18,1.198,1.201,1.185,1.195,121805100
2025-03-19,1.195,1.205,1.191,1.197,68069300
2025-03-20,1.196,1.197,1.179,1.181,120639900
2025-03-21,1.177,1.188,1.166,1.17,154107300
2025-03-24,1.17,1.179,1.168,1.178,65966000
2025-03-25,1.178,1.184,1.173,1.18,57111700
2025-03-26,1.176,1.179,1.172,1.177,42555100
2025-03-27,1.176,1.189,1.171,1.184,52500700
2025-03-28,1.181,1.183,1.174,1.18,66436200
2025-03-31,1.176,1.193,1.173,1.176,70721600
2025-04-01,1.174,1.177,1.166,1.168,56683700
2025-04-02,1.168,1.177,1.166,1.17,30887600
2025-04-03,1.16,1.171,1.155,1.166,54884800
2025-04-07,1.118,1.138,1.07,1.09,182981000
2025-04-08,1.098,1.138,1.098,1.135,106969300
2025-04-09,1.135,1.153,1.118,1.148,79093000
2025-04-10,1.158,1.167,1.149,1.165,101737300
2025-04-11,1.16,1.161,1.149,1.16,77428400
2025-04-14,1.159,1.164,1.151,1.153,73613900
2025-04-15,1.153,1.162,1.146,1.159,88107100
2025-04-16,1.158,1.164,1.145,1.162,70610700
2025-04-17,1.158,1.167,1.151,1.165,37864600
2025-04-18,1.163,1.163,1.152,1.159,45681400
2025-04-21,1.156,1.158,1.151,1.157,55520500
2025-04-22,1.156,1.165,1.155,1.16,39042300
2025-04-23,1.162,1.165,1.156,1.158,25940300
2025-04-24,1.158,1.164,1.155,1.16,26607400
2025-04-25,1.159,1.165,1.156,1.158,25657400
2025-04-28,1.162,1.166,1.159,1.16,45897100
2025-04-29,1.159,1.162,1.153,1.158,40824500
2025-04-30,1.163,1.171,1.16,1.162,35855500
2025-05-06,1.165,1.167,1.156,1.164,55300400
2025-05-07,1.172,1.18,1.164,1.167,72377500
2025-05-08,1.166,1.181,1.162,1.175,47332700
2025-05-09,1.172,1.182,1.172,1.178,32856600
2025-05-13,1.191,1.192,1.185,1.187,29336600
2025-05-14,1.186,1.204,1.181,1.198,60847420
2025-05-15,1.195,1.2,1.191,1.194,43886300
